﻿<?xml version="1.0" encoding="utf-8" ?>
<binarymissionQueryList version="1.0" xmlns="">
  <queryItems>
    <queryItem sender="Software Inc." imageUrl="images/sampleImage1.png" isRead="False" description="UIControlSuite purchase order..." count="2">
      <queryItem sender="Binarymission" imageUrl="images/sampleImage2.png" isRead="True" description="Re: UIControlSuite purchase order..." />
      <queryItem sender="Soft ware Inc." imageUrl="images/sampleImage3.png" isRead="False" description="Re: Re: UIControlSuite purchase order..." />
    </queryItem>

    <queryItem sender="Micheal" imageUrl="images/sampleImage4.png" isRead="True" description="Can combobox be used in datagridview" count="3">
      <queryItem sender="Sundar" imageUrl="images/sampleImage1.png" isRead="True" description="Re: Can combobox be used in datagridview" />
      <queryItem sender="Micheal" imageUrl="images/sampleImage2.png" isRead="True" description="Re: Can combobox be used in datagridview" />
      <queryItem sender="Micheal" imageUrl="images/sampleImage3.png" isRead="True" description="Re: Can combobox be used in datagridview" />
    </queryItem>

    <queryItem sender="Rachael" imageUrl="images/sampleImage3.png" isRead="False" description="Our sample with Binarycombobox control" count="1">
      <queryItem sender="Binarymission" imageUrl="images/sampleImage1.png" isRead="False" description="Re: Our sample with Binarycombobox control" count="3">
        <queryItem sender="Rachael" imageUrl="images/sampleImage2.png" isRead="True" description="Re: Our sample with Binarycombobox control" />
        <queryItem sender="Support" imageUrl="images/sampleImage3.png" isRead="False" description="Re: Our sample with Binarycombobox control" />
        <queryItem sender="Support" imageUrl="images/sampleImage4.png" isRead="True" description="Re: Our sample with Binarycombobox control" />
      </queryItem>
    </queryItem>

    <queryItem sender="David" imageUrl="images/sampleImage1.png" isRead="True" description="Right to left support" count="1">
      <queryItem sender="Binarymission" imageUrl="images/sampleImage2.png" isRead="True" description="Re: Right to left support" />
    </queryItem>

    <queryItem sender="John" imageUrl="images/sampleImage2.png" isRead="False" description="Enabling visual styles" count="3">
      <queryItem sender="Binarymission" imageUrl="images/sampleImage1.png" isRead="False" description="Re: Enabling visual styles" />
      <queryItem sender="John" imageUrl="images/sampleImage2.png" isRead="False" description="Re: Enabling visual styles" count="2">
        <queryItem sender="Binarymission"  imageUrl="images/sampleImage3.png" isRead="False" description="Re: Enabling visual styles" />
        <queryItem sender="Support" imageUrl="images/sampleImage4.png" isRead="False" description="Re: Enabling visual styles" />
      </queryItem>
      <queryItem sender="John" imageUrl="images/sampleImage1.png" isRead="False" description="Fwd: Enabling visual styles" />
    </queryItem>

    <queryItem sender="William" imageUrl="images/sampleImage1.png" isRead="True" description="Release notes" count="1">
      <queryItem imageUrl="images/sampleImage2.png" sender="Binarymission" isRead="True" description="Fwd: Release notes" />
    </queryItem>



    <queryItem imageUrl="images/sampleImage1.png" sender="Bill" isRead="False" description="How to set background color for each row" count="1">
      <queryItem sender="Binarymission" imageUrl="images/sampleImage2.png" isRead="False" description="Re: How to set background color for each row" />
    </queryItem>

    <queryItem sender="Tony" imageUrl="images/sampleImage3.png" isRead="False" description="How to use BinaryCombobox inside BinaryTreelistview" count="2">
      <queryItem sender="Support" imageUrl="images/sampleImage3.png" isRead="False" description="Re: How to use BinaryCombobox inside BinaryTreelistview" />
      <queryItem sender="Binarymission" imageUrl="images/sampleImage2.png" isRead="False" description="Re: How to use BinaryCombobox inside BinaryTreelistview" />
    </queryItem>

    <queryItem sender="Rick" imageUrl="images/sampleImage4.png" isRead="False" description="Null Dates" count="1">
      <queryItem sender="Binarymission" imageUrl="images/sampleImage1.png" isRead="False" description="Re: Null Dates" count="1">
        <queryItem sender="Rick" imageUrl="images/sampleImage2.png" isRead="False" description="Re: Null Dates" />
      </queryItem>
    </queryItem>


    <queryItem sender="Richard" imageUrl="images/sampleImage4.png" isRead="False" description="Drag-drop of Treelist column during runtime" count="1">
      <queryItem sender="Binarymission" imageUrl="images/sampleImage1.png" isRead="False" description="Drag-drop of Treelist column during runtime" />
`   </queryItem>      

  </queryItems>
</binarymissionQueryList>